{
  "parameters": {
    "n_courses": 200,
    "population_size": 200,
    "generations": 200,
    "time_budget": 1829
  },
  "solution": {
    "total_value": 2560,
    "total_time": 1827,
    "n_courses_selected": 62,
    "utilization": 99.89065062875888
  },
  "best_fitness_history": [
    2170.9507927829413,
    2189.0,
    2224.0,
    2243.9425915800985,
    2266.991798797157,
    2266.991798797157,
    2285.969928922909,
    2297.975396391471,
    2310.994532531438,
    2310.994532531438,
    2318.994532531438,
    2329.9316566429743,
    2378.9316566429743,
    2378.9316566429743,
    2402.994532531438,
    2402.994532531438,
    2402.994532531438,
    2403.989065062876,
    2410.994532531438,
    2410.994532531438,
    2410.994532531438,
    2427.997266265719,
    2440.986331328595,
    2440.986331328595,
    2440.986331328595,
    2440.986331328595,
    2440.991798797157,
    2447.994532531438,
    2474.997266265719,
    2474.997266265719,
    2474.997266265719,
    2474.997266265719,
    2474.997266265719,
    2474.997266265719,
    2474.997266265719,
    2474.997266265719,
    2474.997266265719,
    2474.997266265719,
    2478.986331328595,
    2478.986331328595,
    2478.986331328595,
    2478.986331328595,
    2487.994532531438,
    2487.994532531438,
    2487.994532531438,
    2487.994532531438,
    2487.994532531438,
    2487.994532531438,
    2487.994532531438,
    2487.994532531438,
    2507.986331328595,
    2507.986331328595,
    2507.986331328595,
    2507.986331328595,
    2507.986331328595,
    2507.986331328595,
    2507.986331328595,
    2507.986331328595,
    2507.986331328595,
    2507.986331328595,
    2515.994532531438,
    2515.994532531438,
    2515.994532531438,
    2515.994532531438,
    2515.994532531438,
    2515.994532531438,
    2515.994532531438,
    2515.994532531438,
    2515.994532531438,
    2515.994532531438,
    2518.997266265719,
    2518.997266265719,
    2518.997266265719,
    2518.997266265719,
    2518.997266265719,
    2523.0,
    2523.0,
    2523.0,
    2523.0,
    2523.0,
    2523.0,
    2523.0,
    2523.0,
    2523.0,
    2523.0,
    2523.0,
    2523.0,
    2523.0,
    2523.0,
    2523.0,
    2523.0,
    2523.0,
    2523.0,
    2523.0,
    2523.0,
    2523.0,
    2523.0,
    2523.0,
    2523.0,
    2523.0,
    2523.0,
    2523.0,
    2524.997266265719,
    2524.997266265719,
    2531.0,
    2531.0,
    2531.0,
    2531.0,
    2531.0,
    2531.0,
    2531.0,
    2531.0,
    2531.0,
    2531.0,
    2531.0,
    2531.0,
    2531.0,
    2531.0,
    2531.0,
    2531.0,
    2531.0,
    2531.0,
    2531.0,
    2531.0,
    2531.0,
    2531.0,
    2531.0,
    2531.0,
    2531.0,
    2531.0,
    2540.991798797157,
    2540.991798797157,
    2540.991798797157,
    2540.991798797157,
    2540.991798797157,
    2543.983597594314,
    2543.983597594314,
    2543.983597594314,
    2543.983597594314,
    2543.983597594314,
    2543.983597594314,
    2543.983597594314,
    2543.983597594314,
    2543.983597594314,
    2543.983597594314,
    2543.983597594314,
    2543.983597594314,
    2543.983597594314,
    2543.983597594314,
    2543.983597594314,
    2548.0,
    2548.0,
    2548.0,
    2548.0,
    2548.0,
    2548.0,
    2548.0,
    2548.0,
    2548.0,
    2548.0,
    2554.997266265719,
    2554.997266265719,
    2554.997266265719,
    2554.997266265719,
    2554.997266265719,
    2562.991798797157,
    2562.991798797157,
    2562.991798797157,
    2562.991798797157,
    2562.991798797157,
    2562.991798797157,
    2562.991798797157,
    2562.991798797157,
    2562.991798797157,
    2564.994532531438,
    2564.994532531438,
    2564.994532531438,
    2564.994532531438,
    2564.994532531438,
    2564.994532531438,
    2564.994532531438,
    2564.994532531438,
    2564.994532531438,
    2564.994532531438,
    2564.994532531438,
    2564.994532531438,
    2564.994532531438,
    2564.994532531438,
    2564.994532531438,
    2564.994532531438,
    2564.994532531438,
    2564.994532531438,
    2564.994532531438,
    2564.994532531438,
    2564.994532531438,
    2564.994532531438,
    2564.994532531438,
    2564.994532531438,
    2564.994532531438,
    2564.994532531438
  ]
}