{
  "parameters": {
    "n_courses": 200,
    "population_size": 200,
    "generations": 500,
    "time_budget": 914
  },
  "solution": {
    "total_value": 1334,
    "total_time": 911,
    "n_courses_selected": 31,
    "utilization": 99.67177242888403
  },
  "best_fitness_history": [
    1119.0,
    1129.9671772428885,
    1129.9671772428885,
    1154.9124726477023,
    1163.945295404814,
    1207.9835886214441,
    1207.9835886214441,
    1253.0,
    1253.0,
    1253.0,
    1253.0,
    1253.0,
    1253.0,
    1253.0,
    1253.0,
    1253.0,
    1253.0,
    1253.0,
    1253.0,
    1253.0,
    1253.0,
    1253.0,
    1253.0,
    1253.0,
    1253.0,
    1253.0,
    1253.0,
    1253.0,
    1253.0,
    1253.0,
    1253.0,
    1253.0,
    1256.9945295404814,
    1256.9945295404814,
    1256.9945295404814,
    1256.9945295404814,
    1256.9945295404814,
    1256.9945295404814,
    1261.9835886214441,
    1261.9835886214441,
    1261.9835886214441,
    1261.9835886214441,
    1261.9835886214441,
    1261.9835886214441,
    1261.9835886214441,
    1276.9781181619255,
    1276.9781181619255,
    1276.9781181619255,
    1276.9781181619255,
    1276.9781181619255,
    1276.9781181619255,
    1276.9781181619255,
    1276.9781181619255,
    1276.9781181619255,
    1276.9781181619255,
    1276.9781181619255,
    1276.9781181619255,
    1276.9781181619255,
    1291.0,
    1291.0,
    1291.0,
    1291.0,
    1291.0,
    1291.0,
    1291.0,
    1291.0,
    1291.0,
    1291.0,
    1291.0,
    1291.0,
    1291.0,
    1291.0,
    1291.0,
    1291.0,
    1291.0,
    1291.0,
    1291.0,
    1291.0,
    1291.0,
    1291.0,
    1291.0,
    1291.0,
    1291.0,
    1291.0,
    1301.9945295404814,
    1301.9945295404814,
    1301.9945295404814,
    1301.9945295404814,
    1301.9945295404814,
    1301.9945295404814,
    1301.9945295404814,
    1301.9945295404814,
    1301.9945295404814,
    1301.9945295404814,
    1301.9945295404814,
    1301.9945295404814,
    1301.9945295404814,
    1301.9945295404814,
    1301.9945295404814,
    1301.9945295404814,
    1301.9945295404814,
    1301.9945295404814,
    1301.9945295404814,
    1301.9945295404814,
    1301.9945295404814,
    1301.9945295404814,
    1301.9945295404814,
    1301.9945295404814,
    1301.9945295404814,
    1301.9945295404814,
    1301.9945295404814,
    1301.9945295404814,
    1301.9945295404814,
    1301.9945295404814,
    1301.9945295404814,
    1301.9945295404814,
    1301.9945295404814,
    1301.9945295404814,
    1301.9945295404814,
    1301.9945295404814,
    1301.9945295404814,
    1301.9945295404814,
    1301.9945295404814,
    1301.9945295404814,
    1301.9945295404814,
    1301.9945295404814,
    1301.9945295404814,
    1301.9945295404814,
    1301.9945295404814,
    1301.9945295404814,
    1301.9945295404814,
    1301.9945295404814,
    1301.9945295404814,
    1301.9945295404814,
    1301.9945295404814,
    1301.9945295404814,
    1301.9945295404814,
    1301.9945295404814,
    1301.9945295404814,
    1301.9945295404814,
    1301.9945295404814,
    1301.9945295404814,
    1301.9945295404814,
    1302.0,
    1304.9945295404814,
    1304.9945295404814,
    1304.9945295404814,
    1304.9945295404814,
    1304.9945295404814,
    1304.9945295404814,
    1304.9945295404814,
    1304.9945295404814,
    1304.9945295404814,
    1304.9945295404814,
    1304.9945295404814,
    1304.9945295404814,
    1305.9398249452954,
    1305.9398249452954,
    1305.9398249452954,
    1305.9398249452954,
    1305.9398249452954,
    1305.9398249452954,
    1305.9398249452954,
    1305.9398249452954,
    1308.9890590809628,
    1308.9890590809628,
    1308.9890590809628,
    1308.9890590809628,
    1308.9890590809628,
    1311.9890590809628,
    1311.9890590809628,
    1311.9890590809628,
    1311.9890590809628,
    1311.9890590809628,
    1311.9890590809628,
    1313.9890590809628,
    1313.9890590809628,
    1313.9890590809628,
    1313.9890590809628,
    1313.9890590809628,
    1313.9890590809628,
    1313.9890590809628,
    1313.9890590809628,
    1313.9890590809628,
    1313.9890590809628,
    1313.9890590809628,
    1313.9890590809628,
    1313.9890590809628,
    1313.9890590809628,
    1313.9890590809628,
    1313.9890590809628,
    1318.9945295404814,
    1318.9945295404814,
    1318.9945295404814,
    1318.9945295404814,
    1318.9945295404814,
    1318.9945295404814,
    1318.9945295404814,
    1318.9945295404814,
    1318.9945295404814,
    1318.9945295404814,
    1318.9945295404814,
    1318.9945295404814,
    1318.9945295404814,
    1318.9945295404814,
    1318.9945295404814,
    1318.9945295404814,
    1318.9945295404814,
    1318.9945295404814,
    1318.9945295404814,
    1318.9945295404814,
    1318.9945295404814,
    1318.9945295404814,
    1323.0,
    1323.0,
    1323.0,
    1323.0,
    1323.0,
    1323.0,
    1323.0,
    1323.0,
    1323.0,
    1323.0,
    1323.0,
    1323.0,
    1323.0,
    1323.0,
    1323.0,
    1323.0,
    1323.0,
    1323.0,
    1323.0,
    1323.0,
    1323.0,
    1323.0,
    1323.0,
    1323.0,
    1323.0,
    1323.0,
    1323.0,
    1323.0,
    1323.0,
    1323.0,
    1323.0,
    1323.0,
    1323.0,
    1323.0,
    1323.0,
    1323.0,
    1323.0,
    1323.0,
    1323.0,
    1323.0,
    1323.0,
    1323.0,
    1323.0,
    1323.0,
    1323.0,
    1323.0,
    1323.0,
    1329.9945295404814,
    1329.9945295404814,
    1329.9945295404814,
    1329.9945295404814,
    1329.9945295404814,
    1329.9945295404814,
    1329.9945295404814,
    1329.9945295404814,
    1329.9945295404814,
    1329.9945295404814,
    1329.9945295404814,
    1329.9945295404814,
    1329.9945295404814,
    1329.9945295404814,
    1329.9945295404814,
    1329.9945295404814,
    1329.9945295404814,
    1329.9945295404814,
    1329.9945295404814,
    1329.9945295404814,
    1329.9945295404814,
    1329.9945295404814,
    1329.9945295404814,
    1329.9945295404814,
    1329.9945295404814,
    1329.9945295404814,
    1329.9945295404814,
    1329.9945295404814,
    1329.9945295404814,
    1329.9945295404814,
    1329.9945295404814,
    1329.9945295404814,
    1329.9945295404814,
    1329.9945295404814,
    1331.0,
    1331.0,
    1331.0,
    1331.0,
    1331.0,
    1331.0,
    1331.0,
    1331.0,
    1331.0,
    1331.0,
    1331.0,
    1331.0,
    1331.0,
    1331.0,
    1331.0,
    1331.0,
    1331.0,
    1331.0,
    1331.0,
    1331.0,
    1331.0,
    1331.0,
    1331.0,
    1331.0,
    1331.0,
    1331.0,
    1331.0,
    1331.0,
    1331.0,
    1331.0,
    1331.0,
    1331.0,
    1331.0,
    1331.0,
    1331.0,
    1331.0,
    1331.0,
    1331.0,
    1331.0,
    1331.0,
    1331.0,
    1331.0,
    1331.0,
    1331.0,
    1331.0,
    1331.0,
    1331.0,
    1331.0,
    1331.0,
    1331.0,
    1331.0,
    1331.0,
    1331.0,
    1331.0,
    1331.0,
    1331.0,
    1331.0,
    1331.0,
    1331.0,
    1331.0,
    1331.0,
    1331.0,
    1331.0,
    1331.0,
    1331.0,
    1331.0,
    1331.0,
    1331.0,
    1331.0,
    1331.0,
    1331.0,
    1331.0,
    1331.0,
    1331.0,
    1331.0,
    1331.0,
    1331.0,
    1331.0,
    1331.0,
    1331.0,
    1331.0,
    1331.0,
    1331.0,
    1331.0,
    1331.0,
    1331.0,
    1331.0,
    1331.0,
    1331.0,
    1331.0,
    1331.0,
    1331.0,
    1331.0,
    1331.0,
    1331.0,
    1331.0,
    1331.0,
    1331.0,
    1331.0,
    1331.0,
    1331.0,
    1331.0,
    1331.0,
    1331.0,
    1331.0,
    1331.0,
    1331.0,
    1331.0,
    1331.0,
    1331.0,
    1331.0,
    1331.0,
    1331.0,
    1331.0,
    1331.0,
    1331.0,
    1331.0,
    1331.0,
    1331.0,
    1331.0,
    1331.0,
    1331.0,
    1331.0,
    1336.9945295404814,
    1336.9945295404814,
    1336.9945295404814,
    1336.9945295404814,
    1336.9945295404814,
    1336.9945295404814,
    1336.9945295404814,
    1336.9945295404814,
    1336.9945295404814,
    1336.9945295404814,
    1336.9945295404814,
    1336.9945295404814,
    1336.9945295404814,
    1336.9945295404814,
    1336.9945295404814,
