{
  "parameters": {
    "n_courses": 150,
    "population_size": 200,
    "generations": 150,
    "time_budget": 1848
  },
  "solution": {
    "total_value": 2585,
    "total_time": 1846,
    "n_courses_selected": 60,
    "utilization": 99.89177489177489
  },
  "best_fitness_history": [
    2279.991883116883,
    2279.991883116883,
    2299.991883116883,
    2299.991883116883,
    2299.991883116883,
    2315.978354978355,
    2324.991883116883,
    2324.991883116883,
    2324.991883116883,
    2336.964826839827,
    2372.9891774891776,
    2372.9891774891776,
    2372.9891774891776,
    2385.0,
    2412.997294372294,
    2413.997294372294,
    2413.997294372294,
    2418.994588744589,
    2434.9891774891776,
    2434.9891774891776,
    2451.991883116883,
    2451.991883116883,
    2464.908008658009,
    2464.908008658009,
    2472.9594155844156,
    2496.994588744589,
    2496.994588744589,
    2496.994588744589,
    2498.991883116883,
    2498.991883116883,
    2498.991883116883,
    2502.997294372294,
    2502.997294372294,
    2509.997294372294,
    2528.997294372294,
    2528.997294372294,
    2528.997294372294,
    2528.997294372294,
    2528.997294372294,
    2528.997294372294,
    2528.997294372294,
    2530.994588744589,
    2530.994588744589,
    2530.994588744589,
    2530.994588744589,
    2538.997294372294,
    2538.997294372294,
    2538.997294372294,
    2538.997294372294,
    2538.997294372294,
    2538.997294372294,
    2538.997294372294,
    2538.997294372294,
    2538.997294372294,
    2549.978354978355,
    2549.978354978355,
    2549.978354978355,
    2549.978354978355,
    2549.978354978355,
    2551.9891774891776,
    2551.9891774891776,
    2551.9891774891776,
    2556.997294372294,
    2556.997294372294,
    2556.997294372294,
    2556.997294372294,
    2556.997294372294,
    2556.997294372294,
    2556.997294372294,
    2556.997294372294,
    2556.997294372294,
    2556.997294372294,
    2567.0,
    2567.0,
    2567.0,
    2567.0,
    2580.991883116883,
    2580.991883116883,
    2580.991883116883,
    2580.991883116883,
    2580.991883116883,
    2580.991883116883,
    2580.991883116883,
    2580.991883116883,
    2580.991883116883,
    2580.991883116883,
    2580.991883116883,
    2580.991883116883,
    2580.991883116883,
    2580.991883116883,
    2580.991883116883,
    2580.991883116883,
    2580.991883116883,
    2580.991883116883,
    2580.991883116883,
    2586.997294372294,
    2586.997294372294,
    2586.997294372294,
    2586.997294372294,
    2586.997294372294,
    2586.997294372294,
    2586.997294372294,
    2586.997294372294,
    2589.0,
    2589.0,
    2589.0,
    2589.0,
    2589.0,
    2589.0,
    2589.0,
    2589.0,
    2589.0,
    2589.0,
    2589.0,
    2589.0,
    2589.0,
    2589.0,
    2589.0,
    2589.0,
    2589.0,
    2589.0,
    2589.0,
    2589.0,
    2589.0,
    2589.0,
    2589.0,
    2589.0,
    2589.0,
    2589.0,
    2589.0,
    2589.0,
    2589.0,
    2589.0,
    2589.0,
    2589.0,
    2589.0,
    2589.0,
    2589.0,
    2589.0,
    2589.0,
    2589.0,
    2589.0,
    2589.0,
    2589.0,
    2589.0,
    2589.0,
    2589.0,
    2589.0,
    2589.994588744589,
    2589.994588744589
  ]
}