{
  "parameters": {
    "n_courses": 150,
    "population_size": 200,
    "generations": 500,
    "time_budget": 1848
  },
  "solution": {
    "total_value": 2642,
    "total_time": 1848,
    "n_courses_selected": 62,
    "utilization": 100.0
  },
  "best_fitness_history": [
    2643.9837662337663,
    2643.9837662337663,
    2643.994588744589,
    2643.994588744589,
    2643.994588744589,
    2643.994588744589,
    2643.994588744589,
    2643.994588744589,
    2643.994588744589,
    2643.994588744589,
    2643.997294372294,
    2643.997294372294,
    2643.997294372294,
    2643.997294372294,
    2643.997294372294,
    2643.997294372294,
    2643.997294372294,
    2643.997294372294,
    2643.997294372294,
    2643.997294372294,
    2643.997294372294,
    2643.997294372294,
    2643.997294372294,
    2643.997294372294,
    2643.997294372294,
    2643.997294372294,
    2643.997294372294,
    2644.0,
    2644.0,
    2644.0,
    2644.0,
    2644.0,
    2644.0,
    2644.997294372294,
    2644.997294372294,
    2644.997294372294,
    2644.997294372294,
    2644.997294372294,
    2644.997294372294,
    2644.997294372294,
    2644.997294372294,
    2645.0,
    2645.0,
    2645.0,
    2645.0,
    2645.0,
    2645.0,
    2645.0,
    2645.0,
    2645.0,
    2645.0,
    2645.0,
    2645.0,
    2645.0,
    2645.0,
    2645.0,
    2645.0,
    2645.0,
    2645.0,
    2645.0,
    2645.0,
    2645.0,
    2645.0,
    2645.0,
    2645.0,
    2645.0,
    2645.0,
    2645.0,
    2645.0,
    2645.0,
    2645.0,
    2645.0,
    2645.0,
    2645.0,
    2645.0,
    2645.0,
    2645.0,
    2645.0,
    2645.0,
    2645.0,
    2645.0,
    2645.0,
    2645.0,
    2645.0,
    2645.0,
    2645.0,
    2645.0,
    2645.0,
    2645.0,
    2645.0,
    2645.0,
    2645.0,
    2645.0,
    2645.0,
    2645.0,
    2645.0,
    2645.0,
    2645.0,
    2645.0,
    2645.0,
    2645.0,
    2645.0,
    2645.0,
    2645.0,
    2645.0,
    2645.0,
    2645.0,
    2645.0,
    2645.0,
    2645.0,
    2645.0,
    2645.0,
    2645.0,
    2645.0,
    2645.0,
    2645.0,
    2645.0,
    2645.0,
    2645.0,
    2645.0,
    2645.0,
    2645.0,
    2645.0,
    2645.0,
    2645.0,
    2645.0,
    2645.0,
    2645.0,
    2645.0,
    2645.0,
    2645.0,
    2645.0,
    2645.0,
    2645.0,
    2645.0,
    2645.0,
    2645.0,
    2645.0,
    2645.0,
    2645.0,
    2645.0,
    2645.0,
    2645.0,
    2645.0,
    2645.0,
    2645.0,
    2645.0,
    2645.0,
    2645.0,
    2645.0,
    2645.0,
    2645.0,
    2645.0,
    2645.0,
    2645.0,
    2645.0,
    2645.0,
    2645.0,
    2645.0,
    2645.0,
    2645.0,
    2645.0,
    2645.0,
    2645.0,
    2645.0,
    2645.0,
    2645.0,
    2645.0,
    2645.0,
    2645.0,
    2645.0,
    2645.0,
    2645.0,
    2645.0,
    2645.0,
    2645.0,
    2645.0,
    2645.0,
    2645.0,
    2645.0,
    2645.0,
    2645.0,
    2645.0,
    2645.0,
    2645.0,
    2645.0,
    2645.0,
    2645.0,
    2645.0,
    2645.0,
    2645.0,
    2645.0,
    2645.0,
    2645.0,
    2645.0,
    2645.0,
    2645.0,
    2645.0,
    2645.0,
    2645.0,
    2645.0,
    2647.0,
    2647.0,
    2647.0,
    2647.0,
    2647.0,
    2647.0,
    2647.0,
    2647.0,
    2647.0,
    2647.0,
    2647.0,
    2647.0,
    2647.0,
    2647.0,
    2647.0,
    2647.0,
    2647.0,
    2647.0,
    2647.0,
    2647.0,
    2647.0,
    2647.0,
    2647.0,
    2647.0,
    2647.0,
    2647.0,
    2647.0,
    2647.0,
    2647.0,
    2647.0,
    2647.0,
    2647.0,
    2647.0,
    2647.0,
    2647.0,
    2647.0,
    2647.0,
    2647.0,
    2647.0,
    2647.0,
    2647.0,
    2647.0,
    2647.0,
    2647.0,
    2647.0,
    2647.0,
    2647.0,
    2647.0,
    2647.0,
    2647.0,
    2647.0,
    2647.0,
    2647.0,
    2647.0,
    2647.0,
    2647.0,
    2647.0,
    2647.0,
    2647.0,
    2647.0,
    2647.0,
    2647.0,
    2647.0,
    2647.0,
    2647.0,
    2647.0,
    2647.0,
    2647.0,
    2647.0,
    2647.0,
    2647.0,
    2647.0,
    2647.0,
    2647.0,
    2647.0,
    2647.0,
    2647.0,
    2647.0,
    2647.0,
    2647.0,
    2647.0,
    2647.0,
    2647.0,
    2647.0,
    2647.0,
    2647.0,
    2647.0,
    2647.0,
    2647.0,
    2647.0,
    2647.0,
    2647.0,
    2647.0,
    2647.0,
    2647.0,
    2647.0,
    2647.0,
    2647.0,
    2647.0,
    2647.0,
    2647.0,
    2647.0,
    2647.0,
    2647.0,
    2647.0,
    2647.0,
    2647.0,
    2647.0,
    2647.0,
    2647.0,
    2647.0,
    2647.0,
    2647.0,
    2647.0,
    2647.0,
    2647.0,
    2647.0,
    2647.0,
    2647.0,
    2647.0,
    2647.0,
    2647.0,
    2647.0,
    2647.0,
    2647.0,
    2647.0,
    2647.0,
    2647.0,
    2647.0,
    2647.0,
    2647.0,
    2647.0,
    2647.0,
    2647.0,
    2647.0,
    2647.0,
    2647.0,
    2647.0,
    2647.0,
    2647.0,
    2647.0,
    2647.0,
    2647.0,
    2647.0,
    2647.0,
    2647.0,
    2647.0,
    2647.0,
    2647.0,
    2647.0,
    2647.0,
    2647.0,
    2647.0,
    2647.0,
    2647.0,
    2647.0,
    2647.0,
    2647.0,
    2647.0,
    2647.0,
    2647.0,
    2647.0,
    2647.0,
    2647.0,
    2647.0,
    2647.0,
    2647.0,
    2647.0,
    2647.0,
    2647.0,
    2647.0,
    2647.0,
    2647.0,
    2647.0,
    2647.0,
    2647.0,
    2647.0,
    2647.0,
    2647.0,
    2647.0,
    2647.0,
    2647.0,
    2647.0,
    2647.0,
    2647.0,
    2647.0,
    2647.0,
    2647.0,
    2647.0,
    2647.0,
    2647.0,
    2647.0,
    2647.0,
    2647.0,
    2647.0,
    2647.0,
    2647.0,
    2647.0,
    2647.0,
    2647.0,
    2647.0,
    2647.0,
    2647.0,
    2647.0,
    2647.0,
    2647.0,
    2647.0,
    2647.0,
    2647.0,
    2647.0,
    2647.0,
    2647.0,
    2647.0,
    2647.0,
    2647.0,
    2647.0,
    2647.0,
    2647.0,
    2647.0,
    2647.0,
    2647.0,
    2647.0,
    2647.0,
    2647.0,
    2647.0,
    2647.0,
    2647.0,
    2647.0,
    2647.0,
    2647.0,
    2647.0,
    2647.0,
    2647.0,
    2647.0,
    2647.0,
    2647.0,
    2647.0,
    2647.0,
    2647.0,
    2647.0,
    2647.0,
    2647.0,
    2647.0,
    2647.0,
    2647.0,
    2647.0,
    2647.0,
    2647.0,
    2647.0,
    2647.0,
    2647.0,
    2647.0,
    2647.0,
    2647.0,
    2647.0,
    2647.0,
    2647.0,
    2647.0,
    2647.0,
    2647.0,
    2647.0,
    2647.0,
    2647.0,
    2647.0,
    2647.0,
    2647.0,
    2647.0,
    2647.0,
    2647.0,
    2647.0,
    2647.0,
    2647.0,
    2647.0,
    2647.0,
    2647.0,
    2647.0,
    2647.0,
    2647.0,
    2647.0,
    2647.0,
    2647.0,
    2647.0,
    2647.0,
    2647.0,
    2647.0,
    2647.0,
    2647.0,
    2647.0,
    2647.0,
    2647.0,
    2647.0,
    2647.0,
    2647.0,
    2647.0,
    2647.0,
    2647.0,
    2647.0,
    2647.0,
    2647.0
  ]
}